,DateTime,Tweet Id,Tweet,Username,Location
0,2022-09-19 12:17:38+00:00,1571835906646245381,@M45Broo_ Pilih Ganjar dan Erick Thohir,Jumadi39207450,"Balikpapan Utara, Indonesia"
1,2022-08-01 08:49:56+00:00,1554026633576607747,@wakilgubernurKW @erickthohir Jilbab jilbab paokkkk....urus aja jilbabmu sndiri pea,om_omreg,"Balikpapan Selatan, Indonesia"
2,2022-06-19 09:22:50+00:00,1538452235994050560,@raibily @IndonesiaGaruda @erickthohir Cepet2 dilunasin donk utang nya.. Trus mulai lagi penerbangan ke berau.. Kangen naek garuda. Dah jengah bgt naek singa udara,agung_gung,
3,2022-04-15 09:33:49+00:00,1514899786306007041,"@yusuf_dumdum @erickthohir @mohmahfudmd Hukum harus ditegakkan... 
Memaafkan itu urusan lain... 
Hukum tidak boleh berhenti hanya karena minta maaf....yang dihina itu sosok seorang presiden....",BppPcnu,Balikpapan
4,2022-02-09 06:33:34+00:00,1491299215347093507,"@Ayang_Utriza @ListyoSigitP @DivHumas_Polri @kemenkomarves @PerekonomianRI @erickthohir @Kemenkumham_RI @kemenkopmk Pembangunan memang untuk kemakmuran rakyat, akan tetapi pembangunan tidak boleh merugikan dan mengurbankan rakyat yang lain kan...??? 
Apakah karier politik Ganjar Pranowo hanya akan berhenti di desa Wadas...??? 
Kita tunggu penyelesaiannya...",BppPcnu,Balikpapan
5,2021-11-17 10:12:31+00:00,1460913733782228993,"@erickthohir Bang erick sahabat saya Firman Djaya Daeli pasti tau saya dari Balikpapan kota penyanggah IKN.
Bila butuh lahan silahkan CP. 081254136634 an Rullah.
Bang Erick tolong nah bantu buat anak saya  kuliah di LN lewat beasiswa, anak komputer OK dan bahasa asing baru +_ 5 bahasa. Thanks",Achrullah_B,"Kalimantan Timur, Indonesia"
6,2021-11-17 10:12:31+00:00,1460913733782228993,"@erickthohir Bang erick sahabat saya Firman Djaya Daeli pasti tau saya dari Balikpapan kota penyanggah IKN.
Bila butuh lahan silahkan CP. 081254136634 an Rullah.
Bang Erick tolong nah bantu buat anak saya  kuliah di LN lewat beasiswa, anak komputer OK dan bahasa asing baru +_ 5 bahasa. Thanks",Achrullah_B,"Kalimantan Timur, Indonesia"
7,2021-05-27 13:02:27+00:00,1397901013319704582,"#KaltimBlackout boskuuu
@erickthohir Pak, tolong dong 🙏🏻🙏🏻 https://t.co/0KDzL0EGd4",FaizalIswahyudi,"Balikpapan, Kalimantan Timur"
8,2021-05-27 13:02:27+00:00,1397901013319704582,"#KaltimBlackout boskuuu
@erickthohir Pak, tolong dong 🙏🏻🙏🏻 https://t.co/0KDzL0EGd4",FaizalIswahyudi,"Balikpapan, Kalimantan Timur"
9,2021-05-27 13:02:27+00:00,1397901013319704582,"#KaltimBlackout boskuuu
@erickthohir Pak, tolong dong 🙏🏻🙏🏻 https://t.co/0KDzL0EGd4",FaizalIswahyudi,"Balikpapan, Kalimantan Timur"
10,2020-06-08 10:55:49+00:00,1269946228147707905,@andhikayasisara @Canda_Bisnis2 @aqua220426 @erickthohir @jokowi @DhikaRascal27 Makanya kita butuh klarifikasi,BambangHerlandi,Balikpapan
11,2020-06-08 08:27:47+00:00,1269908970728124416,@DimazAgastya_ @Canda_Bisnis2 @aqua220426 @erickthohir @jokowi @andhikayasisara @DhikaRascal27 Ups....,BambangHerlandi,Balikpapan
12,2020-06-08 01:53:47+00:00,1269809817415081985,@Canda_Bisnis2 @aqua220426 @erickthohir @jokowi @andhikayasisara @agastyaDimaz Dan @DhikaRascal27 harus baca ini,BambangHerlandi,Balikpapan
13,2020-02-29 07:23:53+00:00,1233654105094025218,"@ganjarpranowo + @basuki_btp
@ganjarpranowo + @erickthohir
@ganjarpranowo + @susipudjiastuti
@ganjarpranowo + Sri Mulyani
@ganjarpranowo + Tito Karnavian
@ganjarpranowo + Nadiem Makarim
Ayo pak, silahkan dipilih calon untuk wapres 2024
@ganjarpranowo + @ernestprakasa boleh juga..",ronaldlorenz,Balikpapan
14,2020-02-17 15:39:32+00:00,1229430187105779712,"@digeeembok Kezel kezel kezel...
Gmn ini pak @erickthohir",jojekarundeng,"Kalimantan Timur, Indonesia"
15,2020-02-17 15:39:32+00:00,1229430187105779712,"@digeeembok Kezel kezel kezel...
Gmn ini pak @erickthohir",jojekarundeng,"Kalimantan Timur, Indonesia"
16,2020-02-02 08:11:28+00:00,1223881608316375042,"@digeeembok @erickthohir @AryaSinulingga KEMARIN UDAH ENDORS GUNDIK JADI ARTIS. SEKARANG BIKIN UNDANGAN JADI BATAL, BISA GA? TIME WILL TELL 👍SIKAT TERUUUS #netizenbersamadigeeembok
#DirutGarudaKancut
#DirutTelkomselKancutJuga",redhahari,"Balikpapan, Kalimantan Timur"
17,2020-02-02 08:11:28+00:00,1223881608316375042,"@digeeembok @erickthohir @AryaSinulingga KEMARIN UDAH ENDORS GUNDIK JADI ARTIS. SEKARANG BIKIN UNDANGAN JADI BATAL, BISA GA? TIME WILL TELL 👍SIKAT TERUUUS #netizenbersamadigeeembok
#DirutGarudaKancut
#DirutTelkomselKancutJuga",redhahari,"Balikpapan, Kalimantan Timur"
18,2020-02-02 08:11:28+00:00,1223881608316375042,"@digeeembok @erickthohir @AryaSinulingga KEMARIN UDAH ENDORS GUNDIK JADI ARTIS. SEKARANG BIKIN UNDANGAN JADI BATAL, BISA GA? TIME WILL TELL 👍SIKAT TERUUUS #netizenbersamadigeeembok
#DirutGarudaKancut
#DirutTelkomselKancutJuga",redhahari,"Balikpapan, Kalimantan Timur"
19,2020-01-22 05:42:00+00:00,1219857726030770177,@digeeembok @erickthohir Mohon Perhatiannya Pak... i trust u Sir @erickthohir,jojekarundeng,"Kalimantan Timur, Indonesia"
20,2020-01-22 05:42:00+00:00,1219857726030770177,@digeeembok @erickthohir Mohon Perhatiannya Pak... i trust u Sir @erickthohir,jojekarundeng,"Kalimantan Timur, Indonesia"
21,2020-01-15 13:28:48+00:00,1217438486657040384,"@erickthohir Bang, minta petunjukNya yaaah ni hajat hidup orang banyak ni... Masa kita tiap terbang ditemenin Gundik, Bang ?",redhahari,"Balikpapan, Kalimantan Timur"
22,2020-01-15 13:28:48+00:00,1217438486657040384,"@erickthohir Bang, minta petunjukNya yaaah ni hajat hidup orang banyak ni... Masa kita tiap terbang ditemenin Gundik, Bang ?",redhahari,"Balikpapan, Kalimantan Timur"
23,2020-01-15 13:28:48+00:00,1217438486657040384,"@erickthohir Bang, minta petunjukNya yaaah ni hajat hidup orang banyak ni... Masa kita tiap terbang ditemenin Gundik, Bang ?",redhahari,"Balikpapan, Kalimantan Timur"
24,2020-01-15 13:26:56+00:00,1217438014974021632,@erickthohir dicari yang BER-AKHLAK....,redhahari,"Balikpapan, Kalimantan Timur"
25,2020-01-15 13:26:56+00:00,1217438014974021632,@erickthohir dicari yang BER-AKHLAK....,redhahari,"Balikpapan, Kalimantan Timur"
26,2020-01-15 13:26:56+00:00,1217438014974021632,@erickthohir dicari yang BER-AKHLAK....,redhahari,"Balikpapan, Kalimantan Timur"
27,2019-12-17 13:42:45+00:00,1206932745953300480,"Observasi Calon IKN di Sepaku setelah peresmian Tol BalSam
Gimana pak @erickthohir @Joko_WidodoRI1 ?
FYI pak, listrik dan air bersih dilokasi susah di dapat, kali aja  panel surya &amp; desalinasi bisa terwujud dg forest view 
#ibukotauntuksiapa
#DKIPPU
#TolBalsam
#KalimantanPunyaTol https://t.co/kChjYW1dU8",ichasyaa,"Balikpapan Tengah, Indonesia"
28,2019-12-09 07:47:01+00:00,1203944121833967616,"sorry saya lagi ga mau urus 212, 1212, kilapah, radikal radikul, bursa efek, IKN @jokowi, dan teladan kesayangan bu @susipudjiastuti, saya masih konsen sama #DirutGarudaKancut dan #DirutGarudaPenjahat sampe semua dibabat abis sama Bang @erickthohir baru fokus yang lain lagi",redhahari,"Balikpapan, Kalimantan Timur"
29,2019-12-09 07:47:01+00:00,1203944121833967616,"sorry saya lagi ga mau urus 212, 1212, kilapah, radikal radikul, bursa efek, IKN @jokowi, dan teladan kesayangan bu @susipudjiastuti, saya masih konsen sama #DirutGarudaKancut dan #DirutGarudaPenjahat sampe semua dibabat abis sama Bang @erickthohir baru fokus yang lain lagi",redhahari,"Balikpapan, Kalimantan Timur"
30,2019-12-09 07:47:01+00:00,1203944121833967616,"sorry saya lagi ga mau urus 212, 1212, kilapah, radikal radikul, bursa efek, IKN @jokowi, dan teladan kesayangan bu @susipudjiastuti, saya masih konsen sama #DirutGarudaKancut dan #DirutGarudaPenjahat sampe semua dibabat abis sama Bang @erickthohir baru fokus yang lain lagi",redhahari,"Balikpapan, Kalimantan Timur"
31,2019-12-09 01:12:22+00:00,1203844802925645829,@digeeembok @erickthohir @Jumrixxxxx,sorrynotsooryyy,"Balikpapan Barat, Indonesia"
32,2019-12-07 18:40:47+00:00,1203383870348906496,@kangdede78 @erickthohir Tetap Transparan ya pak... Dan Jangan Tebang Pilih... itu aja,jojekarundeng,"Kalimantan Timur, Indonesia"
33,2019-12-07 18:40:47+00:00,1203383870348906496,@kangdede78 @erickthohir Tetap Transparan ya pak... Dan Jangan Tebang Pilih... itu aja,jojekarundeng,"Kalimantan Timur, Indonesia"
34,2019-12-06 00:44:01+00:00,1202750504721240064,@ragerenggo @EndjahH @kuyabulus @ElsaMartina2 @andre_rosiade @Jiwasraya @DPR_RI @KemenBUMN @erickthohir @krakatau_steel Namanya Juga kadrun bro....,PakTuasudahlah,"Balikpapan Tengah, Indonesia"
35,2019-11-18 11:44:48+00:00,1196393817093468162,"@Dennysiregar7 @pertamina @basuki_btp @erickthohir kang deni siregar.
karyawan PPTN.PERKEBUN 13 (Persero) ampe pensiun dari 2016 ampe sekarang lom di bayar 360 org. kaltim saja kasian pa ada yg udah meninggal menunggu lom juga di bayar, tolong di audit perusahaan itu ada rupanya ko pailit.",midin09403995,
36,2019-11-15 01:11:30+00:00,1195147277763055617,@Buaacot @kurawa @erickthohir Premium pula,GarrethMaudys,
37,2019-11-15 01:11:14+00:00,1195147208875823104,@ditya_toso @haranalendra17 @Buddykool_ @Adekke44 @kurawa @erickthohir 5in,GarrethMaudys,
38,2019-11-15 01:10:43+00:00,1195147081167425537,"@kurawa @erickthohir Ahok : "" akh...shit here we go again """,GarrethMaudys,
39,2019-10-17 04:22:12+00:00,1184686020886814720,@_kiranalara Erick Thohir,GarrethMaudys,
40,2019-09-09 10:13:01+00:00,1171003566636421121,@Melvandito @erickthohir Let wee see bro 😀,djkembaren,
41,2019-02-13 21:54:22+00:00,1095803393531150345,"@DemasGavriel @MbahUyok @jokowi @erickthohir #2019PrabowoSandiMenang 
#2019PrabowoSandiMenang",ApitNugroho2,
42,2018-12-09 17:59:43+00:00,1071826742384328704,"@Brezz_16 @liputan6dotcom @erickthohir @sandiuno Apalagi klo modalnya Google ya
Btw yg dijadikan rujukan KBBI atau Google results ya #cumananya",BambangHerlandi,Balikpapan
43,2018-12-09 14:32:23+00:00,1071774565519355904,@Brezz_16 @liputan6dotcom @erickthohir @sandiuno Hahaha... https://t.co/BWOmtZJiOp,BambangHerlandi,Balikpapan
44,2018-12-09 14:29:53+00:00,1071773937531445249,@Brezz_16 @liputan6dotcom @erickthohir @sandiuno https://t.co/23CjacNAj6,BambangHerlandi,Balikpapan
45,2018-09-09 05:34:38+00:00,1038661938090106880,"@Gemacan70 @sandiuno @erickthohir Mirip"" triknya PKI ya",TNSukar,"Balikpapan, Indonesia"
46,2018-09-08 09:25:26+00:00,1038357635173474309,@Lambek11 @zarazettirazr @erickthohir @jokowi Sales product gagal klo laku ya prestasi besar; klo ga laku ya namanya product gagal ya mau diapain; paling ya buang aja ke tempat sampah,TNSukar,"Balikpapan, Indonesia"
47,2018-09-08 07:59:44+00:00,1038336068607602688,@thevick0077 @zarazettirazr @Argentiana_ @erickthohir @sandiuno Berarti benar adanya; bahwa yai Ma'ruf hanya dipake dorong mobil mogok,TNSukar,"Balikpapan, Indonesia"
48,2021-11-30 07:48:23+00:00,1465588506655268868,"#SPBU tai pelangsir aja yg di utamakan
@pertamina
@pertamina135 
@bidhumaskalsel 
@basuki_btp 
@erickthohir https://t.co/3gKJzQGHXb",ChatChimi,
49,2019-03-26 06:50:50+00:00,1110433911648202752,"Bubuhaaaan dangsanak sabanuaaaa, kitaa betamuaan pulaang besok lahhhh . . Ada Bpk @jokowi erickthohir sekjenpdiperjuangan pramonoanungw mardani_maming dr_moeldoko &amp; seluruh rombongan TKN… https://t.co/MMkYpyBpyM",iankaselaradja,
50,2019-02-17 22:39:28+00:00,1097264292200701952,"Nobar Debat Capres Repnas Kalsel dihadiri 2 pendukung Capres yang mayoritas kaum milenial. Seru kece👍

@OfficialRepnas repnas_kalsel tkd_kalsel @jokowi jokowi.amin erickthohir… https://t.co/0LrVoNwUZI",sudirwo,Kalimantan Selatan
51,2019-02-17 22:39:28+00:00,1097264292200701952,"Nobar Debat Capres Repnas Kalsel dihadiri 2 pendukung Capres yang mayoritas kaum milenial. Seru kece👍

@OfficialRepnas repnas_kalsel tkd_kalsel @jokowi jokowi.amin erickthohir… https://t.co/0LrVoNwUZI",sudirwo,Kalimantan Selatan
52,2019-01-26 11:00:52+00:00,1089115952610869248,erickthohir @ Taher Square _ Banjarmasin https://t.co/2cjfJytsdU,sudirwo,Kalimantan Selatan
53,2019-01-26 11:00:52+00:00,1089115952610869248,erickthohir @ Taher Square _ Banjarmasin https://t.co/2cjfJytsdU,sudirwo,Kalimantan Selatan
54,2018-07-08 11:11:24+00:00,1015916255889575937,"Nggak salah nih Erick Thohir selaku Ketua Pelaksana Asian Games 2018 dalam memilih Via Vallen sebagai salah satu penyanyi Official Theme Song Asian Games 2018!
•
Ia mengungkapkan kalau… https://t.co/IBbs2bfaQy",PondokBahari,Banjarmasin
55,2022-01-04 02:56:02+00:00,1478198506850766850,"Erick Thohir ungkap manfaat pembangunan infrastruktur
Ayo Perketat Prokes
#AyoPerketatProkes
#AyoPerketatProkes
https://t.co/XBXkv1xDCz",Raniafriana9,"Bulungan, Kalimantan Utara"
56,2022-01-04 02:56:02+00:00,1478198506850766850,"Erick Thohir ungkap manfaat pembangunan infrastruktur
Ayo Perketat Prokes
#AyoPerketatProkes
#AyoPerketatProkes
https://t.co/XBXkv1xDCz",Raniafriana9,"Bulungan, Kalimantan Utara"
57,2022-01-03 04:22:59+00:00,1477858001000165378,"Jaksa Agung Ucap Terima Kasih pada Erick Thohir: Mengungkap Secara Tuntas Mega Skandal Maling Uang Rakyat
https://t.co/CZsC8274Pf

Disiplin terapkan Prokes",Pcatur1,
58,2021-12-12 02:37:57+00:00,1469859037672259586,"Erick Thohir: Tak Ada Toleransi untuk Korupsi di BUMN!
https://t.co/J95SSvmRC6
Gerakan Disiplin Prokes",selliegemes,
59,2021-08-05 05:14:44+00:00,1423150458235883528,"Erick Thohir ajak masyarakat dukung gerakan ""Kita Bersama Nakes""
https://t.co/vPQez001Oh
Vaksin Selamatkan Indonesia",FebriSattu,
60,2021-07-31 05:28:49+00:00,1421342061656113153,Pak erick ngapaaiinnn. Jd yg drtd ngomong “aamiin” beliauu 🤪😂🤣,anggiielukita,"Balikpapan Selatan, Indonesia"
61,2020-08-05 11:20:00+00:00,1290970810467803136,"Lah ku bingung, pak Erick bilang kalo di biofarma sudah tersedia 100jt vaksin, nanti ditingkatkan lagi bulan Desember 250jt kalau uji cobanya berhasil.",YustinaSari_Ina,"Balikpapan Selatan, Indonesia"
62,2019-10-23 02:37:19+00:00,1186833954059382784,"Wajah baru untuk Menteri BUMN, Menteri Pariwisata dan Ekonomi Kreatif dan Menteri Pendidikan dan Kebudayaan ,  Pak Erick Tohir, Pak Wishnutama dan Pak Nadiem Makarim😎😎😎😎😎😎",dettaselvirafd,Balikpapan - Yogyakarta
63,2019-10-19 13:45:51+00:00,1185552643655196673,Lagian ini bapak siapa sih coba suruh pulang istrahat di rumah nti jantungnya kumat loh. Suda tercium bau2 kasus Kpk masi di piloh jadi mentri. waduh racun tikus aja ngak mempan ini mau coba bisa ular. Pak erick anda luar binasaaaa #ErickForPresiden2024,mira_ksmira,"Balikpapan, Kalimantan Timur"
64,2019-10-19 13:45:51+00:00,1185552643655196673,Lagian ini bapak siapa sih coba suruh pulang istrahat di rumah nti jantungnya kumat loh. Suda tercium bau2 kasus Kpk masi di piloh jadi mentri. waduh racun tikus aja ngak mempan ini mau coba bisa ular. Pak erick anda luar binasaaaa #ErickForPresiden2024,mira_ksmira,"Balikpapan, Kalimantan Timur"
65,2019-10-19 13:45:51+00:00,1185552643655196673,Lagian ini bapak siapa sih coba suruh pulang istrahat di rumah nti jantungnya kumat loh. Suda tercium bau2 kasus Kpk masi di piloh jadi mentri. waduh racun tikus aja ngak mempan ini mau coba bisa ular. Pak erick anda luar binasaaaa #ErickForPresiden2024,mira_ksmira,"Balikpapan, Kalimantan Timur"
